geo,Afghanistan,Albania,Algeria,Angola,Antigua and Barbuda,Argentina,Armenia,Australia,Austria,Azerbaijan,Bahamas,Bangladesh,Barbados,Belarus,Belgium,Belize,Benin,Bolivia,Bosnia and Herzegovina,Botswana,Brazil,Brunei,Bulgaria,Burkina Faso,Cambodia,Cameroon,Canada,Cape Verde,Central African Republic,Chad,Chile,China,Colombia,"Congo, Rep.",Costa Rica,Cote d'Ivoire,Croatia,Cuba,Cyprus,Czech Republic,Denmark,Djibouti,Dominica,Dominican Republic,Ecuador,Egypt,El Salvador,Estonia,Ethiopia,Fiji,Finland,France,Gabon,Gambia,Georgia,Germany,Ghana,Greece,Grenada,Guatemala,Guinea,Guinea-Bissau,Guyana,Haiti,Honduras,Hungary,Iceland,India,Indonesia,Iran,Iraq,Ireland,Israel,Italy,Jamaica,Japan,Jordan,Kazakhstan,Kenya,Kiribati,Kuwait,Kyrgyz Republic,Lao,Latvia,Lebanon,Lesotho,Liberia,Lithuania,Luxembourg,"Macedonia, FYR",Madagascar,Malawi,Malaysia,Maldives,Mali,Malta,Mauritania,Mauritius,Mexico,Moldova,Mongolia,Montenegro,Morocco,Mozambique,Myanmar,Namibia,Nepal,Netherlands,New Zealand,Nicaragua,Niger,Nigeria,North Korea,Norway,Oman,Pakistan,Panama,Paraguay,Peru,Philippines,Poland,Portugal,Romania,Russia,Rwanda,Samoa,Sao Tome and Principe,Saudi Arabia,Senegal,Serbia,Sierra Leone,Slovak Republic,Slovenia,Solomon Islands,South Africa,South Korea,Spain,Sri Lanka,St. Kitts and Nevis,St. Lucia,St. Vincent and the Grenadines,Sudan,Suriname,Swaziland,Sweden,Switzerland,Tajikistan,Tanzania,Thailand,Timor-Leste,Togo,Trinidad and Tobago,Tunisia,Turkey,Turkmenistan,Uganda,Ukraine,United Arab Emirates,United Kingdom,United States,Uruguay,Uzbekistan,Vanuatu,Venezuela,Vietnam,Yemen,Zambia,Zimbabwe
1961,14.4,31,45,25.2,1140,107,,154,112,,95.6,26.7,143,,,72.2,6.52,53.3,,47.1,115,95.2,55.7,4.81,27.7,4.32,125,40.1,8.28,14,75.6,5.41,160,5.05,123,22.2,,134,61.4,,141,98.1,95.2,63.5,72.6,33.9,58.8,,,80.9,124,83.5,5.65,31.3,,94.3,27.2,41.9,100,58.8,8.28,3.91,109,65,69.6,82.6,163,52.5,32.1,63.9,61.8,146,97.1,68.7,108,49.4,73.9,,37.6,56.7,95.4,,2.04,,61.7,30.9,4.77,,,,29.1,7.24,87.4,98.2,7.55,100,55.2,117,68.8,,8.21,,77.4,18.2,12.9,77.2,2.69,130,135,95.4,6.27,4.54,3.52,124,,56.2,79.4,38.1,78.1,38.7,89.2,51.6,29.9,,0,56.3,37,18.2,54.6,,22.8,,,17.7,108,5.17,56.3,48.6,107,77.3,85.2,33.8,79.7,78.1,127,146,,19,10.9,1.83,6.03,102,66.7,19.4,,29.6,,97.2,142,143,106,,36.8,98.7,11.7,28.9,17.4,27.6
1962,12.8,31.8,47,30.6,1160,101,,149,117,,95.7,28.9,144,,,73.9,8.69,55.3,,46,115,99.9,56.7,6.07,28.2,4.53,132,40.4,8.63,16.4,96.4,5,159,4.06,123,22.6,,137,62.1,,147,85.5,89.8,88.3,77.4,36.9,58.2,,,81,114,89.8,7.18,30.1,,93.6,26,41.6,118,63.5,11.8,3.89,110,66.9,67.6,84,164,50.3,32.6,62.8,66.5,139,99,70,110,54.1,84.8,,38.9,77.7,93.9,,2.91,,75.1,33.8,6.48,,,,28.4,7.66,72.7,95,16.6,109,54.9,119,72.5,,13.3,,82.4,18.9,14.2,80,2.79,134,139,104,8.33,5.52,3.3,127,,67.4,67.4,41.9,79.9,37.4,87.9,51.1,33.1,,0,65.7,37.5,17.9,56.5,,23.1,,,17.1,108,5.18,64.2,49.2,115,73.8,101,33.9,82.5,78.6,123,150,,21.1,11.8,2.38,11.5,107,66.9,27.1,,31,,98.3,123,144,110,,44.5,94.5,12.1,31.3,16.7,32.7
1963,13.2,34.3,45.3,33.6,1410,76.1,,150,110,,90.9,29,145,,,78.8,9.38,55.1,,46.5,110,94.2,60.3,5.52,24.6,4.46,128,36.7,9.3,18.8,98.8,5.4,145,9.48,120,19.7,,139,63.6,,144,97.3,89.8,87.8,77.2,37.1,63.8,,,81.3,89.3,90.7,7.74,18.3,,95.1,15.5,38.7,117,61.1,8.42,6.15,108,64.9,68.7,86.3,172,50,29.5,63.8,70.8,144,98.1,72.9,110,52.2,74.9,,36.7,63.9,90.2,,2.68,,73,36.5,7.67,,,,28.7,7.45,63.6,96.2,9.57,118,54.6,116,73,,28.6,,76.8,19.1,16.2,82.6,2.94,138,136,107,7.73,4.24,4.54,125,,83,83.1,43.1,82.7,44.8,94.2,49.3,37.1,,0.09,62.2,37.5,27.3,55.6,,20.9,,,14.6,118,4.77,57.4,50.1,114,78.5,88.9,33.3,82.4,80.6,118,122,,18.9,12.3,1.56,7,113,65.5,41.1,,33.1,,97.6,136,141,99.9,,34.8,89.2,13,28,16.8,35.3
1964,15.5,36.6,46.7,29.5,1080,112,,154,109,,96.4,31.1,145,,,84.5,5.68,56.5,,45.7,105,114,68.7,4.97,28.9,5.18,125,39.6,9.15,18.7,88.8,6.57,142,7.88,131,17.8,,139,67.2,,140,71.7,93.1,81.2,79.9,38,58.3,,,82.1,118,96.8,10,9.75,,98.7,16.4,43.8,128,64.1,7.27,7,111,67.1,67.1,89.3,166,50.4,32.8,66.7,73.6,144,101,76.3,117,57.8,58,,36.7,58.8,85,,2.54,,82.8,35.8,6.61,,,,29.4,10,76.8,87.2,7.94,113,54,117,76.4,,52.7,,75.2,21.4,16.8,85.1,3.09,131,121,103,7.83,3.83,4.71,123,,72.6,82.4,50.1,81.2,44.8,92,49.8,40.9,,0.44,61.1,39,29.9,58.1,,20,,,16.5,119,4.52,62.9,51.8,121,80,106,33.4,79.1,78.7,119,139,,19.3,11.6,1.68,7.8,106,65.8,42.6,,32.4,,93.3,132,145,107,,33.5,104,13,28.1,17.2,33.9
1965,16.3,37,43.7,29.5,764,102,,154,114,,100,34.3,144,,,86.8,6.14,61.5,,45.6,113,105,67.4,4.62,32.4,5.88,129,37.4,9.25,17.8,82.1,7,133,7.64,126,22.3,,142,76.2,,145,93.2,93.9,72.2,81.8,39.8,72.2,,,82.2,120,91.6,8.34,39.8,,95,22.3,50.5,145,72.5,12,7.37,111,64.7,71.5,89.9,165,53.1,32.4,68.8,77.6,147,106,75,119,61.8,83.9,,38.6,67.5,85.5,,2.82,,84.7,38.3,9.78,,,,28.6,9.78,76.8,84,15.9,137,63.1,115,77.8,,53.8,,70.5,21.5,14.6,87.2,3.4,139,136,94.2,8.03,5.4,4.69,133,,80.9,94.7,54.1,88.2,47.1,95.5,50.8,46,,0.83,69.5,34.8,32.4,54.1,,23.9,,,18.1,115,5.01,63.3,56.6,127,81.9,102,35.1,85.7,83.9,126,138,,19.4,21.1,2.86,5.65,113,49.1,45,,38.8,,93.8,141,147,107,,40,107,18.3,39.4,17.9,40.4
1966,16.7,37.7,45.1,28.9,492,109,,151,111,,101,42.1,145,,,91,6.96,64.1,,44.8,101,111,76.8,5.05,32.2,6.43,136,43.9,11,17.9,79,7.23,130,7.09,131,24.2,,142,78.6,,147,79.3,114,78.2,84.5,41.1,68.5,,,82.9,128,95.5,12.4,28.2,,99.2,23.1,56.9,145,74.8,10.4,7.5,104,62,68.7,93.9,184,52.4,27.7,74.3,81.2,147,103,76.5,125,65.4,87.9,,39.6,65.2,96.5,,2.51,,93.6,36.3,9.68,,,,26.5,10.5,81.9,81.6,11.8,138,62.8,110,79.8,,52.3,,72.2,21.6,17.5,89.3,3.71,139,140,86.9,6.24,5.4,4.54,131,,89.8,74.9,58.8,83.3,48.2,99.7,58.6,48.8,,1.68,67.8,39,33.1,51.6,,25.7,,,22.1,109,6.58,67.5,66.4,129,82.8,102,37.2,90.2,87.5,128,138,,20.4,18.2,5.3,13.1,125,46.3,47.9,,44.3,,83.3,138,147,106,,37.3,103,16.7,42,19.4,42.3
1967,17.4,38.3,47.3,29.4,350,111,,147,108,,101,43.8,144,,,95.3,8.85,67.1,,44,104,114,76.2,4.69,33.8,7.54,133,43.4,15,20.2,84,6.56,123,6.24,121,21.3,,143,79.8,,146,102,115,73.6,83.2,40.2,72.8,,,83.5,125,109,11.9,51.1,,96.5,20.6,57.9,153,75.9,7.71,7.06,104,61.9,71.3,95.9,170,46.6,33.9,70.7,89.9,151,104,78.7,129,73.5,91.6,,39.9,79.1,83.1,,3.06,,92.6,36.2,9.64,,,,24.6,12,78.4,78.7,9.16,143,64.3,110,84.7,,50.8,,71.3,22.4,16.8,91.1,2.64,135,137,84.9,6.12,6.89,18.9,133,,91.2,77.6,43.6,81.7,54.5,104,59.8,45.9,,2.72,63.9,38.5,32.8,44,,25.4,,,21.5,102,10.2,78.3,65.8,129,75,105,38.7,95.6,93.3,126,133,,20.3,20.8,7.35,13.7,123,59.1,47.6,,39.4,,96,141,150,99.4,,44.9,102,21,42.5,27,47.3
1968,17.8,38.6,48.1,34.5,188,109,,148,116,,111,40.7,143,,,100,10.2,68.8,,43.6,114,118,88.8,6.8,35.8,7.4,132,46.6,12.6,17.8,82.1,7.21,118,6.12,134,23.3,,144,84.5,,142,91.8,117,87.5,85.5,40.5,72.6,,,85.1,127,92.4,12,55.8,,103,25.1,57.8,157,77.2,8.08,9.22,106,62.8,71.2,94.9,165,44.2,31.9,68.7,84.2,153,109,79.1,135,80.1,74.8,,40.4,86.8,93.2,,5.11,,97.2,36.4,8.75,,,,27.6,13.1,97.2,75.3,18.2,144,57.1,110,90,,48.1,,70.5,22.1,14.3,92.8,3.02,134,126,95.7,6.3,4.26,26.7,137,,84.3,83,48.1,80,56.3,109,66.7,52.4,,3.76,69.3,38.6,37.1,44.9,,24.9,,,22.7,105,14.1,73.2,66.1,132,67.4,107,40.1,86.5,74.7,122,147,,21.2,18,5.72,17.5,125,57.1,47,,42.9,,108,134,151,93.9,,43.9,103,21.2,49,32.6,45.7
1969,14.5,40.9,45.8,30,311,109,,150,99.7,,132,42.5,139,,,103,10.1,71.7,,44.6,113,111,97.7,5.5,32,9.77,137,54.3,13.2,15.9,103,7.36,129,6.88,133,22.8,,144,83.9,,144,68.5,120,84.1,89,40.5,72.3,,,86.4,136,104,12.7,53.5,,101,26.6,54.2,145,75.1,8.57,11,106,62.4,82.8,102,157,50.3,32.7,66.4,85,151,110,83.1,144,83.8,72.9,,41.9,95.1,101,,5.11,,102,36.2,8.94,,,,27.1,14.2,95.6,85.8,9.28,139,52.4,112,94.5,,45.6,,71.1,25,12.6,94.3,4,135,135,84.8,6.99,6.29,31.9,120,,95.1,79,50,80.5,54.5,113,73.8,56.3,,3.4,71.4,35.1,40.9,40.2,,27.7,,,23,105,19.1,75.2,68.2,132,65.2,109,42.9,91,77,122,143,,21.7,22.6,8.56,12.5,121,53.2,52.2,,36.9,,113,134,155,105,,47.7,108,25,45.2,34.5,46.9
1970,18.8,40.6,41.1,35.9,324,118,,152,113,,127,37.8,143,,,104,9.52,76.1,,44.9,113,112,99.1,6.37,26.1,11.4,136,54.5,13.7,20.2,101,7.17,120,6.43,143,23.6,,143,83.9,,149,90.4,122,76.5,91.5,42.1,71,,,86.9,140,109,12.2,44,,106,27.1,60.6,136,77.8,8.63,11.7,109,63.1,75,100,155,53.2,33,66.7,86.2,151,115,84.5,126,96,73.3,,44.6,97.4,102,,5.27,,101,36.1,11.2,,,,30,16.4,102,82.3,20.3,139,48.5,113,99.5,,33.8,,74,26,11.7,87.8,4.37,136,137,84.5,7.48,6.94,34.7,122,,93.9,80.8,55.2,87.3,50.2,114,74.6,58.2,,2.63,75.9,41.3,45.5,48.2,,27.1,,,21.9,108,20.7,79.8,67.9,130,62.8,115,46.2,90.2,81.7,125,146,,24.8,23.4,5.82,11,118,59.1,53.3,,36.3,,116,135,156,106,,48.3,108,25.1,46.7,38.6,47.6
1971,15.8,41.2,50.4,37.9,590,118,,152,113,,118,35.6,161,,,102,8.91,80.6,,45.5,112,121,99.3,6.42,24.4,12,135,54.2,13.4,16.9,107,6.94,129,8.13,152,22.6,,142,85.5,,145,90.2,120,81.3,94.1,43,74.4,,,88.6,136,115,11.7,51.9,,108,26,67,131,76.6,9.03,12.8,110,63.6,76.7,103,146,56.1,35.6,68.5,86.1,155,112,84.8,136,88.3,73.4,,50,86.9,107,,4.58,,107,35.9,13.1,,,,35.1,19.6,76.6,85.8,16.3,141,42.7,116,94,,36.2,,74.5,30.8,12.6,88.9,3.38,137,132,89.7,7.62,9.63,34.7,122,,85.5,88.2,52.5,90.2,53.1,115,75.2,59.5,,1.39,71.2,41.2,47.3,50.6,,28.3,,,26.5,110,22.9,81,64.6,107,67.3,120,50.3,89.8,82.4,130,142,,27.8,28.3,6.88,6.58,123,60,55.6,,41.3,,118,134,159,96,,53.4,114,25,39.1,43.1,50.4
1972,14.8,42.8,48,36,92.7,121,,155,110,,118,28.3,143,,,103,8.15,78.9,,44.9,118,126,95,8.7,20.9,12.2,134,54.6,10.8,21.6,111,7.7,136,11.6,159,21.3,,143,85.6,,141,95.9,115,84.3,106,44.4,78.1,,,88.2,137,108,12.5,19.3,,110,27.4,68.5,125,79.8,8.69,13.2,120,64.7,77.8,106,136,51.5,34,70.3,85.6,138,112,91.1,139,89.7,74.5,,50.6,95.9,111,,2.81,,112,36.8,13.4,,,,34.9,17.6,88,83.5,13.7,137,44.1,114,98.8,,41.3,,75.8,32.5,12.8,89.7,3.43,137,132,93.6,7.92,8.41,32.2,121,,80.7,94.6,55.5,96.6,55.4,119,75,61.1,,1.07,74.2,44.3,51.1,54.1,,27.3,,,22.1,112,23.2,80.5,51.9,141,63.9,116,49.4,86.7,80.7,131,156,,30.3,24.1,7.44,9.73,118,67.4,60.3,,34.4,,126,122,161,105,,46.6,110,24.3,38.6,41.7,45.3
1973,14.4,43,45.4,35.7,90.3,98.8,,154,124,,107,28.4,157,,,103,7.97,70.1,,43.7,119,112,98.9,5.34,18.6,12.5,133,39.1,11.4,19.6,88.6,8.25,139,14.5,171,21.5,,139,88,,150,109,89,95.9,105,46.4,79.9,,,89.7,140,121,12.2,20.5,,115,25.5,80,102,85,8.29,12.7,132,67.8,85.1,111,141,49.2,31,77.2,88.1,154,112,96.7,138,80.6,60.2,,53.9,75.7,108,,2.51,,103,35.8,14.6,,,,36.6,18,86.5,76.1,19,144,47.3,120,106,,45.9,,76.7,34.4,16.4,90.5,5.56,135,133,98.7,8.16,9,28.4,114,,79.8,99.5,57.7,97.1,58.1,121,76.8,61.4,,1,61.4,47.5,35.1,49.9,,25.1,,,22.4,118,25.5,81.4,44.3,140,71.8,108,49.8,87.1,87.2,130,139,,29.1,27.9,8.49,8.94,128,56.9,68.1,,24.4,,127,139,162,96.2,,47.7,118,26.3,38.4,43.7,52.9
1974,14.8,44.5,48.7,34.6,87.4,120,,153,127,,96.4,29.2,163,,,103,6.73,68.3,,45.9,126,117,99.8,4.61,15.8,15,127,39.8,11.2,17.4,89,7.74,150,12.6,172,21.9,,154,63.1,,149,107,99.8,94.5,109,47.8,81,,,89,133,117,21.8,21.2,,114,19.6,82.7,77.1,82.8,7.91,8.71,123,67,82.9,113,137,53.7,36.5,76.6,92.3,146,108,99.2,137,82.8,73.6,,54.2,81.1,114,,1.67,,101,36.3,11.6,,,,39.6,16.6,88,83,13.9,141,50.3,111,105,,39,,78.9,34.7,13.7,87.8,4.12,135,141,98.6,8.12,6.15,22.8,94.7,,82.2,93.3,56.7,101,66.8,128,75.9,61.8,,1.41,67.6,35.1,39.2,39.4,,19.4,,,23.8,123,22.7,88.5,21,175,77,89.2,49.1,87.5,89.5,126,147,,23.3,33.6,6,4.14,126,70.6,65.5,,13.6,,130,115,157,111,,44.4,119,21.3,36,40.1,53
1975,14.9,44.6,60,29.9,81.9,112,,148,105,,103,27.7,165,,,103,2.16,69.4,,45.8,132,112,98.3,5.4,15.3,14.3,122,25.3,10.1,16.7,83.6,7.87,169,17.5,175,19.4,,145,40.6,,139,100,108,89,113,51.5,86.4,,,88.5,123,108,47,4.69,,110,18.1,78.8,68.1,92.8,8.22,7.84,112,66.3,81.7,118,124,51.2,35.5,88.1,94,151,103,81.2,142,74.5,65.1,,45.9,104,113,,3.13,,94.1,53.3,8.04,,,,40.9,16.3,84.5,76.7,12.5,136,36.6,120,119,,39.3,,81.6,35.1,9.35,88.8,4.64,128,123,101,8.45,7.97,21,78.8,,77.3,80.3,50.1,103,60.7,126,77.4,61.4,,1.24,67.5,27.6,44.6,46.4,,18.4,,,15.6,127,21.3,81.6,12.6,154,72.1,125,42.9,87.8,102,127,102,,17.9,34.1,3.72,2.9,121,62.3,67,,8.27,,116,126,152,99.5,,30.8,119,19.4,38.1,44.3,56.7
1976,15.7,44.8,64.3,41.7,90.1,106,,157,114,,102,27.8,168,,,104,2.54,78.2,,47.5,131,109,104,7.73,14.7,14.6,131,25.2,10,18.2,94.6,8.07,181,15.6,169,20,,153,57.6,,147,104,111,87.5,114,53.3,97.7,,,88.7,122,109,43.9,22.8,,117,15.7,85,72.5,93,8.91,7.38,135,68.4,85.5,95.2,141,52.3,36.8,89.7,92.9,141,96.8,89.8,146,77.4,103,,36,54.2,118,,3.01,,109,59,13.7,,,,42,18.2,81.4,68.1,18.5,144,46,115,115,,39.2,,87.5,34.5,11.9,89.8,3.48,128,135,110,8.94,12.1,21.5,110,,80.5,83.5,57.2,109,58.2,128,69.9,76.1,,1.71,67.8,42.5,45.3,50.9,,20.2,,,18.3,127,25.5,91.5,15,158,70.4,130,45.9,78.6,99.2,127,118,,19.1,33.9,4.98,3.31,125,69.3,71.3,,6.26,,105,126,160,111,,30.9,123,19.5,38.6,41.9,56.8
1977,16.5,41.5,69.1,42.5,87.2,99.3,,154,114,,114,25.8,169,,,103,1.15,87.7,,37.3,127,110,103,9.54,14.2,16.9,130,25.9,10.5,17.3,99.2,9.79,178,17.8,178,20.9,,148,62.4,,126,105,96.2,90.4,119,57,94.8,,,89.9,113,106,53.3,40.2,,110,10.9,87.3,88.3,96.9,10.6,6.25,129,67.9,87.8,105,165,53.3,37.7,87.4,95.1,143,99.1,87.7,152,83.5,108,,44.9,68.1,128,,4.38,,114,59.3,16.4,,,,40.3,17.4,102,67.1,8.91,143,51,119,112,,53.4,,90.2,34.3,11.9,90.9,4.77,131,128,114,9.79,19.1,22.7,113,,93.2,93,58.8,98.2,64.4,121,71.7,76.8,,1.67,66.5,48.3,31,50.2,,19.4,,,22.2,114,32.6,90.2,23.9,146,79.7,114,49.1,77.2,112,118,143,,19.2,35.8,4.69,17,122,73,77.9,,4.91,,117,131,163,89.7,,32,125,15.9,45.8,39.8,50.7
1978,17.4,44,69.3,42.6,81.5,111,,153,113,,125,24,172,,,105,1.82,91.6,,45.5,130,128,106,13.4,12.6,17.2,127,27,11.3,17,104,10.1,190,19.5,175,22.2,,156,65,,132,98.3,103,92,124,61,100,,,89.5,105,108,50.3,43.7,,116,9.38,90.4,97.7,95.2,12,9.56,129,69.8,92.8,109,168,58.2,38.2,88,93.3,151,100,89.8,150,88.8,112,,47.5,80.4,133,,4.33,,122,63.4,17.6,,,,36.9,17.8,95.3,70.5,9.07,151,52.9,125,120,,53.9,,96,34.1,12.6,92,6.97,119,140,108,10.4,24.4,24.2,118,,90.5,96.6,59.8,96,70.5,125,72.1,80.3,,2.39,67.3,48.4,46.9,40.4,,19.7,,,22.9,110,41.3,90.6,39.7,139,75.4,105,50.5,99.3,126,117,123,,22.7,37,6.82,11,127,72,78.5,,5.67,,109,114,160,91,,60.9,129,14.6,48.3,36.8,43.2
1979,19.4,46.1,79.6,42.3,85,109,,147,114,,120,24.9,178,,,107,3.8,102,,48.1,143,109,103,12.7,10.9,18.8,123,29.1,11.2,17.9,104,11.5,183,21.3,168,21.6,,146,75.3,,126,81.5,42.5,93.5,131,67.6,96.6,,,90.5,91.5,97.3,55,52.3,,118,4.96,93.5,99.6,95.5,18.2,5.08,120,72.9,91.9,102,170,57.3,39.5,87.9,91.3,141,101,93.4,134,94.1,129,,51.8,106,133,,3.35,,120,53.7,18.1,,,,34.5,18.9,99.1,74.4,13.3,145,52,116,123,,54.3,,97.3,33.3,12.9,93.2,5.84,119,138,105,11.5,25.1,17.4,121,,91.5,94.8,58.1,93.9,71.3,128,73.3,83.1,,3.75,66.8,45.3,61.4,49,,22.1,,,28.5,111,47.1,95.8,51.8,145,77.3,107,51.5,107,103,122,125,,18.2,37.9,9.6,20,140,71,81.3,,6.6,,114,118,162,107,,51.4,137,18,48.8,43.1,48.5
1980,20.2,46.9,80.4,41.7,95.7,110,,152,126,,141,24.3,179,,,107,0.79,85.8,,54.8,146,123,105,11.6,11.9,19.7,118,31.3,10.3,12.9,105,13.3,188,24.3,169,27.2,,148,66,,130,86.5,78.5,100,132,71.8,101,,,79.2,105,91.2,56.5,51.6,,118,5.17,73.5,103,105,16.6,8.66,120,69.4,91.3,113,153,52.2,39.2,81.5,87.5,134,100,96.1,153,91.5,124,,57.4,91.1,123,,1.25,,100,56.1,15.6,,,,32.9,21.8,106,79.5,17.8,144,48.9,125,124,,63.5,,95.8,31.2,9.76,94.1,2.11,125,126,110,11,30.6,18,116,,87.8,102,59.2,75.4,71.6,123,74.8,85.6,,5.29,67.5,41.2,113,41.2,,19.1,,,22.3,111,43.1,83.7,47.7,155,84.9,111,55.8,122,114,123,127,,19.1,31.9,7.21,19.6,157,73.7,70,,6.79,,101,118,158,95.5,,38,126,16.1,50.5,50.6,48.2
1981,16.7,46.4,79.3,33.7,110,103,,149,120,,130,24.3,191,,,107,1.88,81.8,,60.1,134,97.3,106,12.3,8.93,20.4,118,34.1,10.4,12.2,102,13.1,175,22.4,180,27.4,,153,63.2,,131,85.2,82.4,96.4,110,75.9,98.3,,,77.4,99.9,98,62.8,56.7,,119,2.36,88,96.8,104,15.1,9.46,134,66,93.1,106,159,54,46.1,75,90,124,98,96,129,77.3,133,,67.6,84.5,119,,3.14,,101,56.9,15.1,,,,32.8,22.8,88,81.6,12.1,139,51.3,131,124,,57.6,,91.8,29.9,14.2,95,6.92,112,125,108,10.7,32.6,17.1,115,,90.4,108,60.8,98.9,65.4,99.5,74.8,73.4,,5.14,73.2,31.1,115,46.2,,18.4,,,23.2,112,38.4,83.4,43.5,159,83.6,114,51.2,90.8,131,122,132,,17.4,35.6,9.74,14.4,152,76.8,70,,5.19,,104,117,156,99.3,,31.7,126,17.7,49.8,50.7,55.3
1982,20.2,46.4,73.3,32,96.7,102,,146,121,,139,24.1,177,,,104,1.17,88.4,,63.1,136,113,107,12.8,4.96,19,113,35.8,10.7,13.9,96.3,17.2,184,21.1,180,28.7,,179,76.7,,134,91.9,96.5,101,107,84.1,104,,,75.8,100,92.7,63.1,56.4,,121,5.1,89.2,112,103,14,6.48,134,65.1,81.2,114,150,53.2,43.6,65.9,89.2,128,98.1,87.6,119,91.7,115,,61.8,95.5,125,,1.86,,82.1,60.8,14,,,,30.2,21.7,89.7,79.4,8.94,143,54.2,123,120,,62,,89.5,27.3,14.7,95.8,5.73,119,135,120,15.2,28.3,18.3,108,,86.6,107,62.1,66.2,60.1,124,74.8,75,,4.73,64.8,30.5,105,48.8,,20.1,,,21.1,108,42.8,83.8,40.9,136,83.4,117,56.2,95.4,147,123,124,,17.5,35.2,9.55,29.8,140,74.6,81.3,,5.48,,103,128,154,92.5,,30.6,110,15.3,51.8,51.6,63.5
1983,25.1,45.3,79.4,29.1,80.8,110,,137,114,,126,23.7,187,,,104,1.71,80.1,,62.8,129,145,107,9.97,5.37,19.7,115,43.3,9.16,16.6,92.5,15.4,188,25.5,168,28.7,,187,80.7,,134,88.3,99.7,106,106,86.3,101,,,76.1,102,98.2,60.5,72.2,,119,3.41,89.8,106,93.8,15.9,6.61,150,68.4,86.5,107,154,55.3,42.5,62.9,88.7,122,99.2,84.7,122,89.1,108,,55.8,73.1,125,,2.5,,91.7,53,19.8,,,,27.2,22.3,105,80.1,8.27,145,59.2,121,110,,55.6,,92.8,17.6,15.8,96.3,4.71,119,121,119,18.2,28.6,16.4,107,,81.8,102,62.7,90.1,65.8,134,71,77.3,,4.22,67.5,31.4,87.3,44,,16.1,,,24.9,106,49.7,79,49.4,141,80.8,116,57.7,107,142,128,139,,16.9,36.5,9.24,19.5,144,75.1,79.5,,5.3,,108,117,156,86.6,,38.1,115,18.7,59.2,48.9,65.1
1984,23.8,45.1,79,28.3,74.6,114,,141,114,,135,23.3,166,,,105,4.45,79.2,,62.1,132,133,108,11.8,6.76,13.9,121,40.4,8.67,13.1,99.3,17,183,25.8,170,26.2,,191,87.4,,125,84,106,111,102,90.9,96.6,,,76.1,96.8,96.3,61.5,94.6,,114,7.28,93,104,99.9,22,6.48,136,57.4,84.9,103,153,65.9,41.6,75.7,90.5,127,106,82,124,90.5,109,,67.1,69.5,122,,2.67,,102,51.8,18.5,,,,24.8,23.7,96.3,80.8,12.9,135,55.5,132,126,,56.5,,87.3,16.3,17.4,96.4,6.03,101,128,119,20,17.9,16.1,113,,85.5,104,61,72.1,67.8,134,68.6,78.9,,5.55,58,29.6,83,46.6,,14.8,,,30.2,108,56.3,70.9,52.8,140,88.6,116,54,100,140,129,132,,17.6,39.5,8.92,26.3,146,73.3,83.3,,4.48,,107,117,159,88.7,,38.2,113,20,66.8,48.3,62.5
1985,19.7,44.8,78.7,29.3,78.1,115,,143,110,,148,21.3,163,,,104,6.06,71.2,,60.7,127,132,106,11.9,5.99,13.8,122,40.1,11,24.2,91.7,19,187,26.4,187,27.9,,179,83.3,,126,87.7,110,128,102,88.8,96.6,,,85.9,101,95.6,59.2,82.5,,119,7.05,95.7,92,102,26.8,8.84,116,51.5,83.5,107,148,64.2,39.4,75.6,92.6,126,108,77.3,118,91.8,113,,70.2,88.7,115,,2.43,,101,39.5,15.7,,,,27.8,24.1,103,80.9,13.1,139,57.5,133,124,,52.7,,84.8,7.27,18.7,95.9,8.42,114,130,120,18.7,16,15.9,116,,78.3,104,64.3,88.1,69,123,70.7,76.2,,4.9,65.3,34.2,75.3,29.6,,15.8,,,24.1,110,58.8,78.2,64.2,143,94.8,115,54.8,98.7,140,126,128,,17.4,38.6,10.9,27.8,139,71.5,77,,4.58,,103,109,160,88.3,,43.8,110,21.1,66,47.4,62.5
1986,20.3,48.2,82.8,29.2,79.2,117,,138,112,,119,24.2,164,,,103,6.76,74.3,,62.4,135,102,109,11.5,7.14,15.9,127,41.6,11.9,17.6,98.8,17.5,183,24,180,32.6,,181,84.4,,124,91.5,116,121,107,86.8,95.8,,,74,93.1,93,62.3,125,,123,7.07,95.1,101,108,33.8,8.31,129,47.2,83.2,108,153,56.9,39.4,72.6,105,125,112,78.7,123,93.5,116,,75.2,87.1,113,,1.99,,92.5,42.9,19.2,,,,26.5,26,104,95.6,18.1,136,64.8,150,126,,63.4,,85.6,9.13,19.8,94.7,12.1,115,146,118,19,17.2,13.9,113,,84.6,100,80,93.2,59.5,122,75.5,69.7,,4.72,63.8,31,71.5,34,,13.5,,,29.6,108,66.7,73.3,64,146,100,117,55.2,97.2,142,120,135,,16.9,39,12.8,29.9,150,72.3,83,,6.61,,106,112,162,75.3,,35,115,17.6,65.7,43.2,62.9
1987,20.6,47.6,89.9,28.5,69.7,109,,132,112,,115,23.7,155,,,104,6.5,74.4,,66,133,114,107,10.8,5.3,17,128,44.3,12.4,12.7,103,19.1,200,23.8,177,31.8,,189,82.3,,126,84.8,124,111,87.3,84.1,98.2,,,64.4,97,101,60.8,137,,119,20.9,97,109,109,32.2,5.49,168,42.4,81,121,160,49,39.6,69.8,103,109,114,78.7,133,93.3,117,,64.6,81.4,112,,2.44,,95.6,45,19.8,,,,25.8,28.5,91.9,95.2,16.2,143,66.5,133,121,,58.6,,85.2,11.6,19.5,93.1,8.09,116,153,112,18.9,22.4,14.6,114,,92.3,98.3,62.9,95.9,72.3,137,75.5,66.9,,4.99,63,30.4,74.8,31.9,,14.2,,,28.4,106,70.7,75.7,60,141,104,118,56.9,86.1,137,116,132,,13.6,45.4,12.5,15.5,156,73.4,90.7,,11,,112,113,167,76.1,,30.5,115,18.5,76.5,48.4,60.2
1988,20.8,48.3,76.2,28,84.3,101,,133,119,,133,23.9,165,,,105,7.67,76,,67.5,130,109,107,8.01,6.26,16.9,117,43.2,17.7,13.4,101,21.7,181,25.1,172,33.4,,166,66.2,,121,85.6,126,90.5,85.1,85.7,106,,,70.8,106,98.9,59.3,124,,120,22.3,94.8,113,104,20.2,9.04,151,40.1,95.2,103,162,49,39.3,64.3,95.5,109,112,78.9,140,94.6,116,,60.2,83.6,103,,3.31,,107,44.4,23.1,,,,24.4,33.1,109,87.7,17.4,142,75.8,145,122,,60.9,,90.3,11.3,19.4,91.3,9.98,137,145,98.1,17.4,13.6,13.3,102,,76.7,98.1,66.2,98.6,60.9,138,77.3,68.6,,5.47,61,30.6,76.3,27.8,,15.4,,,27.5,106,79.4,74.6,55.4,138,103,116,53.3,90.5,135,119,143,,12.8,44.9,12.2,17,158,77.4,82.9,,6.28,,105,114,169,72,,36.8,122,15.6,78.8,46,60.5
1989,14.3,49,81.8,31.7,86.9,101,,137,116,,140,23.3,150,,,108,7.88,75.8,,65.3,132,107,103,9.1,4.55,15.6,113,46,17.6,19.3,106,18.6,180,25.9,161,31.7,,168,75.4,,116,85.6,128,94.3,82.9,84.7,100,,,73.7,112,98.1,57.9,129,,116,18.2,101,118,107,27,8.88,130,43.2,98.4,120,157,54.8,39,70.1,97.3,111,117,79.7,156,96.2,118,,65.5,80.3,103,,5.77,,108,45.8,19.3,,,,23,32.1,98.7,102,27.6,141,78.2,148,131,,60.9,,84.3,8.87,19,91.9,8.51,145,142,105,17.1,12.6,12.1,111,,85.3,92.3,64.9,82.3,71.8,140,82.5,70,,5.48,66.9,32.7,75.9,33.2,,13.6,,,23.4,104,86.7,73.6,62.3,113,103,116,49.5,98.9,132,119,137,,12.9,49,9.92,16.5,142,75.7,86.4,,8.02,,97.2,115,168,65,,28.7,99.4,18.6,60,46,59.8
1990,10,49.9,79.2,32.6,90.4,115,,137,120,,135,22.4,142,,,110,8.23,81.1,,65,132,96.9,78.7,9.55,6.35,18.1,117,46.2,19.7,24,106,18.7,173,26.5,165,28.4,,163,92.2,,122,83.4,132,76.1,75.7,86.6,99.4,,,75.5,116,98.8,52.3,128,,96.5,16.1,87.3,120,117,24.6,5.6,116,45,108,119,153,56,38.5,71.6,71.9,130,118,83,142,93.5,116,,58.1,81.7,78.9,,5.96,,106,46.9,12.5,,,,22.2,36.4,102,113,25.3,130,75.8,122,141,,65,,85.3,9.86,21.2,92.6,9.88,155,142,70.1,15.3,12.5,11.2,113,67.4,79.4,86.7,60.1,70,74.8,132,75.7,69.8,,4.61,60.4,43.8,74.3,44.5,,13.4,,,27.2,100,88.3,76.1,51.6,111,102,116,46.4,98.9,106,118,140,,12.3,52,9.57,12.1,147,77.8,89.2,,8.6,,97.5,114,173,69.2,,26.7,105,13.8,59.3,46.5,57.5
1991,9.61,50.2,76.1,31.5,91.2,114,,133,120,,124,20.2,124,,,111,12.8,73.2,,75.2,130,109,73,10.5,7.56,17.4,115,48,17.1,15.5,106,21.3,178,25.1,164,28.9,,162,97.5,,131,81.7,129,93.2,75.4,86.1,103,,,76.1,111,99.7,40.9,127,,120,17.2,84.1,118,117,27.1,6.46,89.5,52.6,96.8,109,156,57.3,38.2,73.7,46.5,119,119,84.9,141,89.8,116,,55.5,102,69.1,,7.87,,114,46,11.9,,,,22.6,41,105,113,31.8,131,77.1,117,132,,48.5,,84.5,9.33,21.4,93.4,10.7,166,142,64,12.1,16.6,12.7,115,68.8,77.8,95.4,60.7,73.7,71.2,106,84.1,70.5,,4.68,75.5,42.7,75.2,42.2,,14.1,,,18.9,97.9,91.7,75.5,67.7,112,99.3,119,44.4,100,107,119,123,,17,49.9,9.36,11.6,143,78.3,88.7,,9.87,,97.7,112,175,90.4,,27.6,95.8,15.8,56.5,45.7,55.9
1992,10.8,51.2,72.1,28.5,91.7,116,61.4,139,120,37.4,119,20.1,137,101,,114,12,76.3,27.7,79.6,137,118,90,10.8,10.5,18.3,120,50.6,17.7,14.8,119,18.9,183,18.6,166,29.9,123,161,98.4,,135,81.1,127,102,77.2,84.9,100,53.2,,76.2,119,103,40.2,102,32.6,126,23.3,89,117,118,28,4.93,72.8,50.4,100,124,156,58,37.4,75.8,48.6,131,120,84.5,139,88.9,112,61.3,52.8,95.3,73.8,73.2,5.96,110,130,46.9,12,77.7,,59.9,22.1,40.5,105,110,27.2,133,64.3,116,133,68.3,29,,91.8,11.5,20.4,94.4,11.2,156,141,79.2,10,17,11.4,118,70,74.9,84.7,62.3,67.7,73.8,109,83,73.3,92.9,4.72,61.7,41.5,77.7,37.1,,14.3,,42.1,22.1,95.4,92,79.1,66.6,114,103,123,40.4,101,112,121,134,30.6,17.8,59.7,9.31,10.2,132,85.9,88.2,62.4,11,144,90.3,110,177,97.2,35.2,31.8,107,15.1,57.2,45.1,57
1993,9.12,76.1,74.3,25.3,82.2,117,62.9,126,116,30.8,112,20.8,126,97,,117,15.2,77.5,25.6,68.5,138,115,87.3,10.9,4.22,18.8,125,50.5,16.7,16.9,118,14,179,17.9,166,28.8,113,160,104,112,141,79.2,132,109,73,80,102,58.2,10.1,73.6,120,101,46.7,103,33.6,117,22.4,84.4,118,120,27.5,5.1,86.2,45.3,106,110,156,51.9,38.3,76.6,47.1,135,117,83.7,145,87.2,111,55.1,48.5,98.7,85.1,43.1,7.72,122,123,46,15.3,80.9,,65.4,24,36.5,112,127,22.9,133,79.1,105,135,65.5,34.9,,96.9,13.8,19.9,94.5,12.9,150,135,78.9,9.61,18.1,13.1,120,67.2,75.9,92.1,66.3,58.1,76.4,124,86.1,71.2,96.9,5.35,68,42,76,37.2,,14.5,94.3,54.9,24.1,93.5,87.3,77.8,52,113,101,122,39.6,99.2,105,126,137,29.8,16.8,62.4,8.85,5.47,136,82.3,89,45.8,10.8,124,101,99.2,181,92.8,36.5,25.3,105,16.6,56.4,44.5,56.4
1994,8.22,97.5,71.2,20.8,86.7,125,60.3,122,135,32.8,109,20,138,80.4,,125,22.9,76.7,29,66.3,142,116,82.3,9.52,5.54,17.5,127,51.8,20.4,15.7,119,15.7,178,20.4,164,28.4,128,151,106,108,142,79.8,134,110,73.8,78.5,92.7,78.5,8.69,71.7,110,101,43.4,102,28.1,111,17,86.6,116,125,27,10.1,85.4,43.6,106,108,163,57.3,42.3,78,47.5,135,120,82.5,144,86.4,108,58.2,50.2,97.8,102,47.3,9.92,121,132,45.1,14.6,69.7,,94.4,24.1,41.4,120,130,34.7,135,66.6,105,132,74,32.6,,96.9,16,19.2,96.4,7.09,138,144,91.4,7.75,14,9.64,121,66.8,76.9,97.9,69.1,49.6,79,118,86.6,73.2,96.2,4.89,64.8,44.4,74.5,47.9,,14.1,97.6,46.9,26.4,93,84.2,80,70.4,117,102,119,39.1,104,104,134,124,32.5,15.4,66.8,10.4,4.42,147,80.5,84.8,42.2,15.4,106,96.7,108,183,90.5,27.7,30.5,108,21.4,56.2,40.6,56.6
1995,8.45,54.4,70.6,23.5,89.3,129,61.6,132,131,35,128,19.4,137,105,,126,21.8,76.3,28.9,62.8,144,114,83.1,9.03,5.37,18.3,130,53.6,21.4,18.5,122,18.1,178,22.4,162,27.2,131,160,117,127,138,81.1,125,109,70.3,79.5,97.8,67.7,9.33,70.9,110,102,44.4,105,40.4,121,22.4,85.9,111,123,28.8,6.24,105,56,108,117,166,57.9,42.9,73.6,38.7,126,124,83.2,109,84.3,93.8,57.7,50,98.1,112,41.2,10.9,79.5,128,44.4,15.2,75.8,,97.8,23.8,44.8,137,117,27.2,141,87.6,114,130,68,27.2,,94.9,15.4,19.1,93.6,9.73,133,127,93.1,16.5,22.1,6.42,121,65.8,82.6,77.2,69.6,40,76.6,113,79.6,70.3,99.3,4.61,61.3,42.6,77,49.3,,12.2,117,53.4,17.6,90.9,86.4,80.4,51.6,136,105,115,38.1,109,95,117,133,36.2,17.1,74.8,10.3,7.57,161,79.4,83.7,40.8,18.4,102,104,104,183,90.6,30.3,34.3,109,23.7,55.1,41,61.6
1996,7.24,63,71.9,26.1,88.1,124,61.6,124,131,38.2,136,18.9,157,107,,121,14.5,75.6,33.1,60.9,141,103,77.5,14.1,10.6,19.2,136,52.1,17,24.1,124,20.3,170,21.4,159,24.3,126,167,98.3,141,132,75.9,118,108,57.7,79.9,106,92.5,10.5,68.4,104,106,46.7,98.4,72.9,110,13.4,83.6,113,114,29.3,14.3,104,51.7,110,125,159,56.9,43,72.8,33.4,110,137,84.3,140,84.4,95.8,52.9,44.8,99.2,113,43.9,10.1,115,130,42.8,11.3,70.1,,102,23.8,42.2,149,106,39.9,142,80.1,110,131,72.4,28,,91.4,15,23.9,82.1,10.8,128,137,98.7,16.5,17,5.95,120,72.7,83.6,79.1,68.6,43.2,85.8,118,86.7,73.9,103,5.14,65.7,45.5,78.7,48.5,,10.4,117,52.5,23.3,90.2,87.6,80.5,66.2,138,103,113,37,133,98.2,123,144,39.3,22.3,77.2,10.5,11.8,169,83.2,86.7,46.8,17.2,105,104,108,186,91.4,42.2,43,110,23.4,63.2,35.1,64.7
1997,7.85,61.7,76.3,31.7,85.9,122,60.5,134,128,41.4,122,22.6,160,115,,121,13,75,42.2,66,138,100,79.4,15,14.4,24.9,141,54.3,24.1,18.2,126,22.8,172,17,157,23.9,113,183,95.2,130,146,75,122,105,56,83.4,115,103,11.1,70.3,105,107,47,98.2,80.9,115,6.07,74.3,104,113,30.5,16.8,101,50.9,110,125,166,62.3,45.1,72.8,41.5,110,140,88.1,130,82.9,107,54.2,41.4,108,117,49.9,9.93,101,134,42.7,13.4,93.8,,101,22.6,42.8,133,103,28.6,142,81.5,107,123,68.1,31.3,,98.2,15.4,28.6,73.3,13.6,129,144,95.5,18.5,19.7,5.89,126,73.1,79.4,82.9,66.9,42.4,77.9,119,85.7,58.9,104,9.94,60,39,79.9,52.6,,9.5,118,58.2,23.3,90.2,92.6,80.8,77.8,131,104,119,32,131,81.5,120,141,40.6,20.1,79.1,10.7,9.01,180,82.5,92.9,43.5,19.6,99.3,98.6,108,193,97.3,39.5,41.9,105,25,65.7,40.4,73.5
1998,8.34,57,52.4,29.1,89.4,120,69.7,132,127,40.8,123,20.7,146,123,,121,13,73.8,39.5,66,136,79.8,77.1,13.4,16.7,20.6,142,53.3,24.4,22.2,128,22.3,173,23.4,158,25.4,114,177,95.2,128,139,76.2,122,97.9,57,79.3,118,101,11,71.9,101,110,50.1,95.2,75.3,112,12,87.1,100,114,30.8,9.93,95.5,53.4,112,131,160,62.9,45.1,72.7,42.4,106,142,89.1,137,83.9,104,55.8,49.3,113,117,78.6,11.1,97,139,42.4,16.3,105,,106,23.6,37.3,129,91.8,38.6,140,87.5,105,127,67.1,30.2,,99.5,15.8,27.6,67.5,12.2,128,145,100,18.9,22,4.71,125,69.3,71,87.9,66.8,51,75.2,120,86.6,61.3,108,9.65,65.3,36.7,79.4,41.9,,14.7,111,58.6,22.4,90.4,80.7,81.5,85.7,129,105,119,36.6,134,96.4,126,133,35.6,18.8,83.3,10.5,11,167,82.8,92.2,44.5,19.2,102,96.9,103,194,105,54.1,41.1,103,25.3,65.5,31.4,73.6
1999,8.9,56.5,58.9,34.9,87.5,131,68.1,120,127,33.8,123,18.6,150,102,,123,16.1,73.8,39,66.3,107,87.5,81.2,14.1,18.7,19.3,134,59.7,20.9,17.2,131,17.1,179,24.4,158,24.8,104,187,95.8,121,136,73.4,117,99.7,53.4,81,116,139,11.5,79.1,100,112,49,88.6,75.5,113,16.2,88.5,98.7,119,30.8,12.7,94.6,65.6,111,119,154,62.3,42.3,73,47.2,111,144,80.6,139,82.3,104,57.1,49.1,118,113,74.2,12.8,87.1,141,43,12.5,97.6,,105,23.1,34,129,86.7,37.9,145,89.7,103,128,66.4,25.9,,91.2,16.6,29.9,62.6,13.5,127,148,98,17.3,22.2,6.71,127,58.3,70.8,80.1,73.3,49,75.9,119,89.5,62,112,7.18,71,38.9,81.6,40,,14.1,99.2,54.9,23.5,89.3,90.8,81.4,74.3,129,108,121,37.1,122,112,128,138,35.2,22,78.7,10.8,11.2,166,84.2,81.2,36.6,19.5,107,92.6,109,188,96.5,45.3,41.2,101,30.3,63.4,31,74.6
2000,8.74,63.4,78.6,26.5,86.6,131,67,123,127,29.9,121,18.1,149,107,151,122,12.8,76,37,65.4,109,89.6,79.2,9.17,23,24.1,139,65.5,27.7,20.2,125,15.7,172,27.3,155,22.3,125,180,99.5,121,147,73.2,118,96.1,52,82.1,115,150,11.5,78.8,105,109,43.1,93.5,84,115,20.2,90.4,97.9,121,31.2,13.9,93.5,60.1,109,105,147,63.7,44.4,72.6,47.2,120,145,84.7,161,78.4,115,56.9,57.3,116,110,37.1,12.2,92.8,133,43,13,101,127,102,22.2,31.1,114,89.7,38.4,135,113,104,132,69,33.2,,103,20.8,30.6,62.4,14.2,126,157,103,18.5,22,7.31,126,74.3,77.6,74.6,67.9,47.3,78.6,125,89.6,69.4,112,3.97,71.1,42.6,84,32.2,,14.1,99.6,57.8,17.9,88,96.3,81,85.2,129,103,128,43,125,106,129,149,40.4,22,79.7,12.6,7.76,180,78.9,84.2,30.6,22.7,120,101,102,189,89.3,41.8,41.7,104,35.7,64.8,44.2,76.5
2001,8.4,66.6,77.4,29.4,86.7,131,70.9,125,125,35,121,22.3,151,111,149,118,11.2,77,45.7,67,109,109,85.7,12.4,31.8,24.6,145,76.2,21.4,19.5,122,16.5,175,31.8,151,23.2,158,170,90.3,127,142,72.2,116,111,50.1,88.1,112,151,11.6,90.3,95.8,112,42.3,72.9,81.1,125,19.8,94.4,99.1,117,29.4,18.1,108,60.9,109,104,142,64.1,45.1,72.6,49.3,118,120,87.4,157,80.8,113,71.2,53.9,123,99.5,34.1,12.8,117,105,43.4,13.4,120,124,96.1,16.4,33.3,119,94.2,37.9,142,112,111,137,77.9,36,,99.5,21,36,61.5,13.6,126,164,103,15.8,29.2,7.93,123,76.7,80.1,70.7,67.5,52.1,73,126,89,72.5,114,7.64,69.7,48.5,84.6,41,,13.5,89.6,55,17.9,86,100,81.7,83.8,140,110,128,45.5,126,104,123,147,31.9,21.8,82.9,17.4,7.85,182,78.4,84.9,28.9,21.5,130,102,111,186,76.3,27.1,40.9,102,34.4,65.9,31.2,81.5
2002,9.46,70.7,80.5,36.3,86.4,128,77,125,123,43.2,106,18.5,149,111,148,121,13.5,75.9,46,67.6,108,82.2,84.7,16.2,51.3,29.3,153,67.9,21.3,20.6,124,15.7,172,34.8,152,28.4,170,156,106,140,158,73.5,116,111,49,83.5,108,118,11.3,92.6,95.3,113,43.6,78,89.6,124,20.1,94.2,101,131,28.3,14.3,101,63.9,108,102,145,62.9,45.1,72.9,51.3,91.2,122,85.8,157,81.5,117,81.2,52.3,126,119,38.9,11.9,110,102,44.7,14.2,110,122,99.6,12.3,33.7,106,94.3,39.6,144,100,101,137,73.2,32.2,,102,20.4,34.8,60.8,13.3,126,166,102,14.4,29.2,7.5,121,78,74,78,68.1,55.8,74.5,126,88.3,70.9,120,6.02,68.7,53.2,84.2,35.8,,13.8,87.3,55.2,19.5,84.5,103,81.5,85.9,136,107,124,52.6,131,108,115,157,35.7,21.5,84.8,15.8,12.8,162,87.4,76.2,28,22.9,122,103,113,193,99.8,18.6,42.7,91.8,33.4,66.8,34.8,83.4
2003,12.2,67,82.8,41.5,83.5,128,87.6,128,127,44.9,130,17.1,150,91.6,149,126,14.8,74.9,41,81,114,107,84,12.4,47.7,27.3,153,70.5,26.2,19.6,117,17.4,173,37.2,153,29.1,186,148,111,150,158,74.6,118,106,50.8,76.4,105,120,11.6,99,94.1,111,44.8,75,92.1,133,19,96.2,103,140,31.1,19.2,105,58.6,115,103,144,66.2,45.2,73,51.5,105,107,85.8,154,82.3,122,78,51.8,129,127,39.9,12.2,96.4,104,47.6,13.6,107,121,100,19.1,34.1,109,91,36.8,147,92.2,106,138,81.9,32.3,,99.7,23.4,36.9,59.6,13.7,131,170,101,17.3,28.5,8.51,117,77.7,71.1,77.8,71.2,57.2,76.3,126,89.8,73.8,122,5.48,71.4,52.1,85.6,35.9,,15.7,86.2,55.6,22.6,87.3,103,81.7,78.5,130,99,122,53.7,133,99.1,115,156,37,24.4,87.2,16.2,15,163,97.8,72.4,26.6,24.1,124,105,111,192,99.1,12.3,42.5,94.4,34.9,70.3,32.8,75
2004,15.5,55,84.3,39.3,93.1,131,85.1,128,130,42.6,132,21.9,148,96.3,146,121,9.82,74.6,44.3,77.6,115,124,86.1,10.3,62.9,26.8,149,71,28.2,23.1,119,16.7,174,41.2,152,27.3,178,170,113,150,159,73.1,124,106,49.5,75.9,103,144,15.4,103,95.4,113,45.1,80.3,103,135,22.8,100,103,136,32.1,30.3,108,60.8,114,103,138,54.7,44.9,74.5,74.6,103,74.9,88.1,136,82.5,137,91.9,51.7,127,117,56.6,10.9,101,106,46.6,14.5,106,122,103,19,34.3,98.7,98.5,35.6,150,94,103,136,76.7,33.3,,102,23.3,37.5,59,13.8,130,165,100,19.6,28.8,8.33,112,86.4,78.3,78.1,68.6,56.6,75.9,123,84.4,76.8,127,3.29,80.3,56.9,84.6,31.3,,14.9,108,62.2,23.1,84.3,103,81.9,76,117,105,122,58.1,126,78.2,113,163,37.8,24.1,91.6,17.9,16.1,172,96.3,77.9,25.2,26.9,131,105,114,194,97.3,13.2,43.5,105,37.9,69.5,31.9,72.4
2005,18.6,58.6,75.5,37.1,79.7,136,94.1,128,136,48.8,137,28.7,151,105,146,118,8.9,74.3,46.4,79.3,115,125,94.5,16.6,49,25.6,147,66.9,28.5,25.1,119,16.9,169,39.8,157,27.3,168,148,105,103,139,73.5,121,108,49.7,74.4,109,144,15,110,93.2,114,43.7,81.4,106,140,26,93.2,104,144,35.5,29.9,100,60.1,116,98.8,131,54.2,46.5,75.3,64.5,104,73.5,87.4,143,78.6,136,93.4,52.3,125,112,62.9,14.4,106,103,45.6,15.1,115,139,93.7,18.8,34.1,84.8,99.2,35.2,149,88.7,103,127,78.6,37,,103,24,37,59.7,12.9,128,169,100,18.8,27.5,6.42,104,92.9,82.3,78.2,69.7,61.9,70.1,119,84.1,77.5,133,5.21,84.7,56.9,88.6,32.8,,14.6,131,65.3,28.4,84.2,104,81.9,72.4,125,100,122,65.3,131,73.1,115,161,38.7,26.7,88.2,13.5,15.5,170,92.7,80.3,24.9,25.1,135,110,103,193,97.4,22.6,42.6,105,32,70,30,67.5
2006,19.7,67.2,77.9,38.3,85,133,92.8,127,134,50.5,127,24.6,151,96.3,140,117,9.06,71.3,52.4,81.4,115,129,97.6,17,48.1,23.5,145,61.9,24,25.2,119,17.2,167,42.1,158,26.6,171,139,91.2,88,148,74.7,125,102,56.2,72.5,116,131,15.8,112,91.4,104,43,73.6,108,132,26.5,78.3,104,137,35.6,29.1,100,60.3,124,102,129,55.1,39.6,77.2,69.7,108,70.6,81.9,131,75.7,143,85,51,126,108,70.5,14.5,88.2,103,46.8,16.2,126,141,95.9,18.7,34.4,97.5,96.6,37.6,137,89.7,106,133,82,36.7,126,99.3,23.6,38.8,57.5,13.8,127,162,101,17.5,25.6,7.36,101,87.5,82.8,79.8,69.5,58.6,67.5,119,81.7,85,138,8.2,85.2,58.5,89.4,43.9,84.7,18.5,121,62.9,36.9,85.8,104,82.8,83,119,107,125,66.4,129,97.4,113,164,45.1,26.3,104,19.8,18,174,96,88,25.1,25.9,142,103,90.5,187,98,34.2,39.1,108,35.9,73.1,31.2,73.1
2007,20.8,75.5,86.7,39.5,87.3,134,94,130,129,37,124,23.7,153,104,138,120,8.24,70.4,57,84.9,114,133,93.1,18.7,48.4,27.4,146,61,25.7,24.9,129,17.7,167,51.9,161,28.3,132,137,100,95.2,172,79.4,126,105,49.6,72.5,113,131,15.3,111,94.4,102,43.6,77.9,117,126,27.7,86,102,152,36.3,30,113,59.7,126,95.9,127,56.2,39.1,76.3,61.2,116,71.6,81.3,132,82.5,134,88.7,49.3,124,110,68,16.6,80.2,137,47.2,16.3,130,142,99,19.4,34.5,107,98.3,36.6,137,105,103,133,103,34.2,130,108,27.8,46.8,51.6,13.9,128,165,100,15.8,26.1,13.4,103,93.4,81.6,83.3,68.6,58.5,68.2,119,79,74.8,140,10,85.2,59.6,87.8,42.9,87.8,18.4,111,65.7,22.4,84,100,81.7,72.2,127,112,123,63.5,132,86.3,114,162,44.7,27.2,101,21.4,21.6,172,96.2,78,23.1,25.7,144,88.9,99,175,97.6,56.1,51,107,31.7,74.3,27,64.9
2008,23.4,102,78.5,44.1,89.2,133,98.9,129,134,39.6,125,22.7,160,113,144,115,14.5,71.2,59.3,79.1,116,125,92.7,13.1,56.9,26.2,141,60.8,25.7,22.4,130,17.5,167,52,154,27.6,140,122,95.7,95.8,147,82.1,126,103,54.2,74.6,112,119,16.3,106,81.9,99.5,39.7,72.6,124,136,26.1,85.1,104,135,37,29.1,107,58.7,126,98.3,128,62.2,37.9,75.2,50.8,120,69.4,81.5,151,77.8,134,86.8,48.3,131,106,70,17.1,96.4,131,46.8,16.8,137,141,110,18.9,36.9,110,101,37,162,98.3,96.4,134,85.9,39.2,127,112,30.6,47.9,42.9,12.7,126,171,108,15.3,26.8,15.5,105,96.5,79.7,81.9,70,62.5,70.6,115,82.6,67,139,8.79,102,59.2,88.8,37.8,70.4,18.3,140,66.1,36.5,82.3,99.9,82.8,88.2,126,117,124,63.8,128,86.1,111,163,47.8,26.3,104,25.6,23.8,171,95.3,84.2,24.7,26.8,144,89.7,99.9,170,100,33.4,52.8,104,31.5,73.6,26.4,61.1
2009,23.3,117,85.3,40.2,87.6,132,103,126,128,40,120,22.8,160,118,149,119,13.6,69.8,52.4,83.2,115,135,87.5,13,54.1,21.5,136,60.6,24.6,21.3,130,18,164,38.6,150,25.2,138,162,90.3,107,144,80.6,123,95.8,52.3,68.5,112,127,14.8,109,92.7,111,43.5,69.5,117,132,30.9,75.7,102,148,37.8,28.7,102,56.6,128,93.9,133,62.4,39,77,43.5,108,71.6,81.2,137,75.6,115,82,47,125,106,68.9,16.9,90.8,134,47.2,19,131,144,100,22.1,32.4,116,98.5,34.8,174,98.3,96.7,136,69.5,36.4,121,113,31.3,47,45.1,12.5,129,165,108,18.4,27.9,13.5,103,96.6,75.6,81.8,70.6,62,62.7,119,79.5,69.5,132,11.9,77.6,60.5,92.2,42,84.7,18.3,143,67.1,29.2,83.2,95.1,82.9,69.8,128,116,123,65.8,128,82.2,111,159,50.3,26.8,105,27.3,27.9,171,98.9,88.4,22.1,29.4,132,94.1,106,165,104,28.6,54.3,106,26.8,74.7,28.5,61.1
2010,24.3,113,85.6,38.9,87.6,131,112,126,132,43.4,119,21.9,161,102,156,123,14.6,70.6,53.8,93.4,117,136,72.2,13.3,51.3,26.4,126,58,23.3,25.3,133,17.9,150,37.1,150,27.1,148,165,88.7,111,147,83.4,122,90.1,49,81.2,108,126,16.1,99.5,84.4,104,44.4,69.2,85.3,137,35.8,77.3,104,136,35.5,29.8,110,47.9,127,94,134,59.9,39.3,81.2,52.5,105,75.5,82.3,137,69.4,130,72.7,46.8,123,98.4,69.8,16.3,98.3,145,46.9,19.9,118,137,111,21.8,33.8,117,101,29.4,171,97.6,88,136,64.2,35.7,118,104,30.7,45.3,46,11.8,129,156,114,13.3,28.4,12.9,105,95.2,81.6,84.8,70.7,62,63.3,119,80.5,69.2,129,14.9,79.2,62.1,90.7,43.6,66.7,10.4,144,71.6,35.8,96.5,104,83.2,79.4,124,112,118,65.5,124,91.6,106,161,49.7,28.6,108,27.2,30.5,157,95.3,90.5,22.8,28.9,129,107,100,167,106,28.3,54.7,107,28.7,78.6,28,65.8
2011,24.8,122,74.9,40.1,79.6,132,101,127,131,44.2,120,22.6,159,110,138,121,14.6,73.1,55.4,81.9,116,138,77.7,19.5,49.6,27,137,57.7,24.1,27.9,133,18.8,151,38.3,149,28.7,143,158,93.2,113,146,84.7,117,87.6,54.7,82.9,112,120,17.8,109,85.8,103,44.8,71.2,81.3,133,30.4,75.1,114,145,35,29.9,118,49.5,124,96.8,130,60.9,40.5,80.1,51.9,135,75.4,84.3,138,76.3,113,78.2,45.5,127,96.6,73.4,17.7,103,138,46.4,19.9,125,128,107,22.2,21.9,117,98.6,25.4,165,98,80.9,134,67,39.8,132,108,31.3,46.8,48.1,11.9,125,159,118,13.3,25.9,11.4,110,96.3,71.6,87.9,71.5,63.3,65.7,120,77.8,68.2,134,14.3,82.9,62.5,88.8,44,79.2,15.6,133,70.4,24.1,95.8,100,85.2,75.4,130,113,122,67.4,122,89.4,110,160,51.6,29.3,111,30.9,33.1,157,98.3,85.4,25.6,25.9,133,95.3,110,172,109,27.9,55.5,108,27.2,81.4,28.4,68.9
2012,25.4,129,82.8,42.7,87.9,131,101,126,130,48.3,96.6,22.3,160,105,153,121,17.2,72.8,57.7,80.4,117,135,76.5,19.8,51,25.9,132,56.2,25.7,30.5,133,18.9,155,41.9,149,25.6,129,150,88.5,119,152,90.6,116,91.4,58.4,73.9,113,89.5,15.7,108,86.8,104,41.7,70.4,96.8,130,25.8,81.2,112,130,32.7,28.7,119,51,130,94.2,132,63.6,44,79.6,50.4,133,76.9,86.4,143,75.2,133,78.7,44.4,124,107,71.8,19.1,109,131,49,14.5,127,139,114,20.1,32,121,93.6,36.1,168,94.8,91.3,139,63.9,40.9,133,106,29.4,47.6,54.2,12.5,124,158,114,13.1,28.5,10.8,114,96.2,76.3,91.3,70.7,64,68.1,122,77.6,69,134,18.9,81,35.8,88,46.1,75.6,14.6,122,73.9,15.5,98.7,103,85.5,74.5,129,110,120,96.4,121,87.6,110,165,50.6,29.8,108,37.9,33.7,161,95.7,86.3,26.6,25.3,131,98.8,106,174,111,27.7,49.8,106,29.2,79.8,30.1,79
2013,24.5,131,78.2,44.7,90.1,132,97.4,126,124,50.5,107,22.1,160,107,144,116,21.4,75.2,55.3,85,117,135,78.7,20.3,51.5,27.2,132,52.9,22.4,29.1,131,18.8,160,48.4,144,28.2,118,146,101,118,152,93,113,95.3,63.3,78,113,86.5,18.1,104,86.8,107,42.6,72.2,93.1,133,40.5,80.3,112,132,27.2,30.3,118,45.8,131,95,132,64.2,46.5,79.8,52.8,126,76.2,88,135,74.2,128,78.4,43.7,122,106,86.3,19.7,117,123,45.5,15.5,130,141,110,20.3,22.6,121,83,28.1,168,99.2,96,133,64.6,40.3,131,109,30.7,46.2,55.4,13,122,162,116,14.5,29.4,10.8,120,98.8,76,95.3,69.6,62.9,64.6,122,78,70.1,134,14.1,89.5,50.5,86.8,50,77.1,16.5,136,75.1,13.1,101,105,85.6,73.4,133,106,121,96.1,121,95.3,115,166,51.9,28,109,35,33.3,162,95.5,87.3,24.6,32.4,126,101,113,175,111,27.6,51.4,106,27.4,77.9,28.1,80.6
